{"step": 400000, "loss": 0.0001450343485977801, "loss_temp": 0.001016984598541282}