{"case": "HT", "solver": "SPH", "dim": 2, "dx": 0.02, "Nx": null, "dt": 0.00045454545454545455, "t_end": 8.0, "viscosity": 0.01, "kappa": 7.313, "r0_noise_factor": 0.05, "p_bg_factor": 0.05, "g_ext_magnitude": 2.3, "heat_conduction": true, "outlet_temperature_derivative": true, "no_jit": false, "write_h5": true, "write_vtk": true, "write_every": 10, "data_path": "./datasets/original_dataset_2024-01-28_11-30-46", "seed": 123, "check_steady_state": false, "tolerance_steady_state": 5e-06, "count_steady_state_reached": 10, "min_steps": 4400, "hot_wall_function": 0, "hot_wall_array": [-0.03842173516750336, -0.05702955648303032, 0.011701712384819984, -0.02907879278063774, 0.014466547407209873, -0.027506675571203232, 0.059185221791267395, 0.01554572582244873, 0.02271912433207035, 0.05314774811267853, -0.00839727371931076, -0.050533074885606766, 0.03785201907157898, 0.04493926092982292, 0.02385595254600048, 0.0034063481725752354, 0.009650244377553463, -0.03795919194817543, -0.0013752079103142023, 0.014951805584132671, -0.032506126910448074, -0.024502959102392197, -0.0056324671022593975, 0.025413865223526955], "hot_wall_seed": 101, "is_bc_trick": true, "Cp": 305.27, "hot_wall_temperature": 1.23, "reference_temperature": 1.0, "hot_wall_half_width": 0.25, "sequence_length": 146, "periodic_boundary_conditions": [true, true, true], "bounds": [[0.0, 1.0], [0.0, 0.38]], "default_connectivity_radius": 0.029, "num_particles_max": 950, "vel_mean": [0.025586433708667755, -2.3560218664897548e-07], "vel_std": [0.011959708295762539, 0.0024951910600066185], "temps_mean": 1.1080880165100098, "temps_std": 0.07259925303782605, "temps_diff_mean": 7.939374881971162e-06, "temps_diff_std": 0.027380126147592523, "acc_mean": [-2.792932718875818e-06, -9.711545345680861e-09], "acc_std": [0.002319884952157736, 0.0020769797265529633]}