{"step": 500000, "loss": 0.00014743722208802033, "loss_temp": 0.001028506239454976}